"Reference","Qty","Value","DNP","Exclude from BOM","Exclude from Board","Footprint","Datasheet"
"C1","1","0.33 uF","","","","Capacitor_THT:C_Disc_D10.5mm_W5.0mm_P5.00mm",""
"C2,C3,C6","3","0.1uF","","","","Capacitor_THT:C_Disc_D10.5mm_W5.0mm_P5.00mm",""
"C4","1","470uf","","","","PCM_Capacitor_THT_AKL:CP_Radial_D5.0mm_P2.00mm",""
"C5","1","47uf","","","","PCM_Capacitor_THT_AKL:CP_Radial_D5.0mm_P2.00mm",""
"C7","1","470 uf 16v","","","","PCM_Capacitor_THT_AKL:CP_Radial_D5.0mm_P2.00mm",""
"D13","1","1N5817","","","","Diode_THT:D_DO-41_SOD81_P10.16mm_Horizontal","http://www.vishay.com/docs/88525/1n5817.pdf"
"DZ1,DZ2,DZ3,DZ4,DZ5,DZ6,DZ7,DZ8,DZ9","9","BZX55-C3V6","","","","PCM_Diode_THT_AKL:D_DO-35_SOD27_P7.62mm_Horizontal_Zener","https://www.tme.eu/Document/9906bac3657dc59bd4a6884b643c759b/1N52xxB.pdf"
"J1","1","","","","","Connector_IDC:IDC-Header_2x20_P2.54mm_Latch_Vertical",""
"J2","1","DC IN","","","","TerminalBlock_Altech:Altech_AK100_1x02_P5.00mm",""
"J3,J4,J5,J6,J7,J8,J9,J11","8","","","","","TerminalBlock_Altech:Altech_AK100_1x02_P5.00mm",""
"J10","1","CRANK","","","","TerminalBlock_Altech:Altech_AK100_1x02_P5.00mm",""
"J12","1","Screw_Terminal_01x02","","","","TerminalBlock_Altech:Altech_AK100_1x02_P5.00mm",""
"R13,R14,R16,R18,R21","5","10k","","","","Resistor_THT:R_Axial_DIN0207_L6.3mm_D2.5mm_P7.62mm_Horizontal",""
"R15,R17","2","5.1k","","","","Resistor_THT:R_Axial_DIN0207_L6.3mm_D2.5mm_P7.62mm_Horizontal",""
"R22","1","20k","","","","Resistor_THT:R_Axial_DIN0207_L6.3mm_D2.5mm_P7.62mm_Horizontal",""
"R23,R24,R25,R26,R27,R28,R29,R30,R31","9","2.2k","","","","Resistor_THT:R_Axial_DIN0207_L6.3mm_D2.5mm_P7.62mm_Horizontal",""
"RV1,RV2","2","2k","","","","Potentiometer_THT:Potentiometer_ACP_CA6-H2,5_Horizontal",""
"RV3,RV4,RV5","3","10k","","","","Potentiometer_THT:Potentiometer_ACP_CA9-V10_Vertical",""
"SW2","1","Start/Stop","","","","Button_Switch_THT:SW_PUSH_1P1T_6x3.5mm_H5.0_APEM_MJTP1250",""
"U1","1","ESP32-DevKitC","","","","PCM_Espressif:ESP32-DevKitC","https://docs.espressif.com/projects/esp-idf/zh_CN/latest/esp32/hw-reference/esp32/get-started-devkitc.html"
"U2","1","74AHCT125","","","","Package_DIP:DIP-14_W7.62mm_LongPads","https://www.ti.com/lit/ds/symlink/sn74ahct125.pdf"
"U3","1","R-78E5.0-1.0","","","","Converter_DCDC:Converter_DCDC_RECOM_R-78E-0.5_THT","https://www.recom-power.com/pdf/Innoline/R-78E-1.0.pdf"
"U4","1","TLV2372","","","","Package_DIP:DIP-8_W7.62mm_Socket_LongPads","http://www.ti.com/lit/ds/symlink/tlv2375.pdf"
"U5,U6","2","CD4050BE","","","","Package_DIP:DIP-16_W7.62mm_LongPads","https://www.ti.com/lit/gpn/cd4050b"
